id,name,city,zip,country_id,lat,lon,create_date,brand,Geography,Geographic Area Name,Estimate!!Number!!HOUSEHOLD INCOME!!All households,Margin of Error!!Number!!HOUSEHOLD INCOME!!All households,Estimate!!Number!!HOUSEHOLD INCOME!!All households!!With earnings,Margin of Error!!Number!!HOUSEHOLD INCOME!!All households!!With earnings,Estimate!!Number!!HOUSEHOLD INCOME!!All households!!With earnings!!With wages or salary income,Margin of Error!!Number!!HOUSEHOLD INCOME!!All households!!With earnings!!With wages or salary income,Estimate!!Number!!HOUSEHOLD INCOME!!All households!!With earnings!!With self-employment income,Margin of Error!!Number!!HOUSEHOLD INCOME!!All households!!With earnings!!With self-employment income,"Estimate!!Number!!HOUSEHOLD INCOME!!All households!!With interest, dividends, or net rental income","Margin of Error!!Number!!HOUSEHOLD INCOME!!All households!!With interest, dividends, or net rental income",Estimate!!Number!!HOUSEHOLD INCOME!!All households!!With Social Security income,Margin of Error!!Number!!HOUSEHOLD INCOME!!All households!!With Social Security income,Estimate!!Number!!HOUSEHOLD INCOME!!All households!!With Supplemental Security Income (SSI),Margin of Error!!Number!!HOUSEHOLD INCOME!!All households!!With Supplemental Security Income (SSI),Estimate!!Number!!HOUSEHOLD INCOME!!All households!!With cash public assistance income or Food Stamps/SNAP,Margin of Error!!Number!!HOUSEHOLD INCOME!!All households!!With cash public assistance income or Food Stamps/SNAP,Estimate!!Number!!HOUSEHOLD INCOME!!All households!!With cash public assistance income or Food Stamps/SNAP!!With cash public assistance,Margin of Error!!Number!!HOUSEHOLD INCOME!!All households!!With cash public assistance income or Food Stamps/SNAP!!With cash public assistance,Estimate!!Number!!HOUSEHOLD INCOME!!All households!!With retirement income,Margin of Error!!Number!!HOUSEHOLD INCOME!!All households!!With retirement income,Estimate!!Number!!HOUSEHOLD INCOME!!All households!!With other types of income,Margin of Error!!Number!!HOUSEHOLD INCOME!!All households!!With other types of income,Estimate!!Number!!FAMILY INCOME BY NUMBER OF WORKERS IN FAMILY!!All families,Margin of Error!!Number!!FAMILY INCOME BY NUMBER OF WORKERS IN FAMILY!!All families,Estimate!!Number!!FAMILY INCOME BY NUMBER OF WORKERS IN FAMILY!!All families!!No workers,Margin of Error!!Number!!FAMILY INCOME BY NUMBER OF WORKERS IN FAMILY!!All families!!No workers,Estimate!!Number!!FAMILY INCOME BY NUMBER OF WORKERS IN FAMILY!!All families!!1 worker,Margin of Error!!Number!!FAMILY INCOME BY NUMBER OF WORKERS IN FAMILY!!All families!!1 worker,"Estimate!!Number!!FAMILY INCOME BY NUMBER OF WORKERS IN FAMILY!!All families!!2 workers, both spouses worked","Margin of Error!!Number!!FAMILY INCOME BY NUMBER OF WORKERS IN FAMILY!!All families!!2 workers, both spouses worked","Estimate!!Number!!FAMILY INCOME BY NUMBER OF WORKERS IN FAMILY!!All families!!2 workers, other","Margin of Error!!Number!!FAMILY INCOME BY NUMBER OF WORKERS IN FAMILY!!All families!!2 workers, other","Estimate!!Number!!FAMILY INCOME BY NUMBER OF WORKERS IN FAMILY!!All families!!3 or more workers, both spouses worked","Margin of Error!!Number!!FAMILY INCOME BY NUMBER OF WORKERS IN FAMILY!!All families!!3 or more workers, both spouses worked","Estimate!!Number!!FAMILY INCOME BY NUMBER OF WORKERS IN FAMILY!!All families!!3 or more workers, other","Margin of Error!!Number!!FAMILY INCOME BY NUMBER OF WORKERS IN FAMILY!!All families!!3 or more workers, other",Estimate!!Number!!PER CAPITA INCOME BY RACE AND HISPANIC OR LATINO ORIGIN!!Total population,Margin of Error!!Number!!PER CAPITA INCOME BY RACE AND HISPANIC OR LATINO ORIGIN!!Total population,Estimate!!Number!!PER CAPITA INCOME BY RACE AND HISPANIC OR LATINO ORIGIN!!Total population!!One race--!!White,Margin of Error!!Number!!PER CAPITA INCOME BY RACE AND HISPANIC OR LATINO ORIGIN!!Total population!!One race--!!White,Estimate!!Number!!PER CAPITA INCOME BY RACE AND HISPANIC OR LATINO ORIGIN!!Total population!!One race--!!Black or African American,Margin of Error!!Number!!PER CAPITA INCOME BY RACE AND HISPANIC OR LATINO ORIGIN!!Total population!!One race--!!Black or African American,Estimate!!Number!!PER CAPITA INCOME BY RACE AND HISPANIC OR LATINO ORIGIN!!Total population!!One race--!!American Indian and Alaska Native,Margin of Error!!Number!!PER CAPITA INCOME BY RACE AND HISPANIC OR LATINO ORIGIN!!Total population!!One race--!!American Indian and Alaska Native,Estimate!!Number!!PER CAPITA INCOME BY RACE AND HISPANIC OR LATINO ORIGIN!!Total population!!One race--!!Asian,Margin of Error!!Number!!PER CAPITA INCOME BY RACE AND HISPANIC OR LATINO ORIGIN!!Total population!!One race--!!Asian,Estimate!!Number!!PER CAPITA INCOME BY RACE AND HISPANIC OR LATINO ORIGIN!!Total population!!One race--!!Native Hawaiian and Other Pacific Islander,Margin of Error!!Number!!PER CAPITA INCOME BY RACE AND HISPANIC OR LATINO ORIGIN!!Total population!!One race--!!Native Hawaiian and Other Pacific Islander,Estimate!!Number!!PER CAPITA INCOME BY RACE AND HISPANIC OR LATINO ORIGIN!!Total population!!One race--!!Some other race,Margin of Error!!Number!!PER CAPITA INCOME BY RACE AND HISPANIC OR LATINO ORIGIN!!Total population!!One race--!!Some other race,Estimate!!Number!!PER CAPITA INCOME BY RACE AND HISPANIC OR LATINO ORIGIN!!Total population!!Two or more races,Margin of Error!!Number!!PER CAPITA INCOME BY RACE AND HISPANIC OR LATINO ORIGIN!!Total population!!Two or more races,Estimate!!Number!!PER CAPITA INCOME BY RACE AND HISPANIC OR LATINO ORIGIN!!Total population!!Hispanic or Latino origin (of any race),Margin of Error!!Number!!PER CAPITA INCOME BY RACE AND HISPANIC OR LATINO ORIGIN!!Total population!!Hispanic or Latino origin (of any race),"Estimate!!Number!!PER CAPITA INCOME BY RACE AND HISPANIC OR LATINO ORIGIN!!Total population!!White alone, not Hispanic or Latino","Margin of Error!!Number!!PER CAPITA INCOME BY RACE AND HISPANIC OR LATINO ORIGIN!!Total population!!White alone, not Hispanic or Latino",Estimate!!Percent Distribution!!HOUSEHOLD INCOME!!All households,Margin of Error!!Percent Distribution!!HOUSEHOLD INCOME!!All households,Estimate!!Percent Distribution!!HOUSEHOLD INCOME!!All households!!With earnings,Margin of Error!!Percent Distribution!!HOUSEHOLD INCOME!!All households!!With earnings,Estimate!!Percent Distribution!!HOUSEHOLD INCOME!!All households!!With earnings!!With wages or salary income,Margin of Error!!Percent Distribution!!HOUSEHOLD INCOME!!All households!!With earnings!!With wages or salary income,Estimate!!Percent Distribution!!HOUSEHOLD INCOME!!All households!!With earnings!!With self-employment income,Margin of Error!!Percent Distribution!!HOUSEHOLD INCOME!!All households!!With earnings!!With self-employment income,"Estimate!!Percent Distribution!!HOUSEHOLD INCOME!!All households!!With interest, dividends, or net rental income","Margin of Error!!Percent Distribution!!HOUSEHOLD INCOME!!All households!!With interest, dividends, or net rental income",Estimate!!Percent Distribution!!HOUSEHOLD INCOME!!All households!!With Social Security income,Margin of Error!!Percent Distribution!!HOUSEHOLD INCOME!!All households!!With Social Security income,Estimate!!Percent Distribution!!HOUSEHOLD INCOME!!All households!!With Supplemental Security Income (SSI),Margin of Error!!Percent Distribution!!HOUSEHOLD INCOME!!All households!!With Supplemental Security Income (SSI),Estimate!!Percent Distribution!!HOUSEHOLD INCOME!!All households!!With cash public assistance income or Food Stamps/SNAP,Margin of Error!!Percent Distribution!!HOUSEHOLD INCOME!!All households!!With cash public assistance income or Food Stamps/SNAP,Estimate!!Percent Distribution!!HOUSEHOLD INCOME!!All households!!With cash public assistance income or Food Stamps/SNAP!!With cash public assistance,Margin of Error!!Percent Distribution!!HOUSEHOLD INCOME!!All households!!With cash public assistance income or Food Stamps/SNAP!!With cash public assistance,Estimate!!Percent Distribution!!HOUSEHOLD INCOME!!All households!!With retirement income,Margin of Error!!Percent Distribution!!HOUSEHOLD INCOME!!All households!!With retirement income,Estimate!!Percent Distribution!!HOUSEHOLD INCOME!!All households!!With other types of income,Margin of Error!!Percent Distribution!!HOUSEHOLD INCOME!!All households!!With other types of income,Estimate!!Percent Distribution!!FAMILY INCOME BY NUMBER OF WORKERS IN FAMILY!!All families,Margin of Error!!Percent Distribution!!FAMILY INCOME BY NUMBER OF WORKERS IN FAMILY!!All families,Estimate!!Percent Distribution!!FAMILY INCOME BY NUMBER OF WORKERS IN FAMILY!!All families!!No workers,Margin of Error!!Percent Distribution!!FAMILY INCOME BY NUMBER OF WORKERS IN FAMILY!!All families!!No workers,Estimate!!Percent Distribution!!FAMILY INCOME BY NUMBER OF WORKERS IN FAMILY!!All families!!1 worker,Margin of Error!!Percent Distribution!!FAMILY INCOME BY NUMBER OF WORKERS IN FAMILY!!All families!!1 worker,"Estimate!!Percent Distribution!!FAMILY INCOME BY NUMBER OF WORKERS IN FAMILY!!All families!!2 workers, both spouses worked","Margin of Error!!Percent Distribution!!FAMILY INCOME BY NUMBER OF WORKERS IN FAMILY!!All families!!2 workers, both spouses worked","Estimate!!Percent Distribution!!FAMILY INCOME BY NUMBER OF WORKERS IN FAMILY!!All families!!2 workers, other","Margin of Error!!Percent Distribution!!FAMILY INCOME BY NUMBER OF WORKERS IN FAMILY!!All families!!2 workers, other","Estimate!!Percent Distribution!!FAMILY INCOME BY NUMBER OF WORKERS IN FAMILY!!All families!!3 or more workers, both spouses worked","Margin of Error!!Percent Distribution!!FAMILY INCOME BY NUMBER OF WORKERS IN FAMILY!!All families!!3 or more workers, both spouses worked","Estimate!!Percent Distribution!!FAMILY INCOME BY NUMBER OF WORKERS IN FAMILY!!All families!!3 or more workers, other","Margin of Error!!Percent Distribution!!FAMILY INCOME BY NUMBER OF WORKERS IN FAMILY!!All families!!3 or more workers, other",Estimate!!Percent Distribution!!PER CAPITA INCOME BY RACE AND HISPANIC OR LATINO ORIGIN!!Total population,Margin of Error!!Percent Distribution!!PER CAPITA INCOME BY RACE AND HISPANIC OR LATINO ORIGIN!!Total population,Estimate!!Percent Distribution!!PER CAPITA INCOME BY RACE AND HISPANIC OR LATINO ORIGIN!!Total population!!One race--!!White,Margin of Error!!Percent Distribution!!PER CAPITA INCOME BY RACE AND HISPANIC OR LATINO ORIGIN!!Total population!!One race--!!White,Estimate!!Percent Distribution!!PER CAPITA INCOME BY RACE AND HISPANIC OR LATINO ORIGIN!!Total population!!One race--!!Black or African American,Margin of Error!!Percent Distribution!!PER CAPITA INCOME BY RACE AND HISPANIC OR LATINO ORIGIN!!Total population!!One race--!!Black or African American,Estimate!!Percent Distribution!!PER CAPITA INCOME BY RACE AND HISPANIC OR LATINO ORIGIN!!Total population!!One race--!!American Indian and Alaska Native,Margin of Error!!Percent Distribution!!PER CAPITA INCOME BY RACE AND HISPANIC OR LATINO ORIGIN!!Total population!!One race--!!American Indian and Alaska Native,Estimate!!Percent Distribution!!PER CAPITA INCOME BY RACE AND HISPANIC OR LATINO ORIGIN!!Total population!!One race--!!Asian,Margin of Error!!Percent Distribution!!PER CAPITA INCOME BY RACE AND HISPANIC OR LATINO ORIGIN!!Total population!!One race--!!Asian,Estimate!!Percent Distribution!!PER CAPITA INCOME BY RACE AND HISPANIC OR LATINO ORIGIN!!Total population!!One race--!!Native Hawaiian and Other Pacific Islander,Margin of Error!!Percent Distribution!!PER CAPITA INCOME BY RACE AND HISPANIC OR LATINO ORIGIN!!Total population!!One race--!!Native Hawaiian and Other Pacific Islander,Estimate!!Percent Distribution!!PER CAPITA INCOME BY RACE AND HISPANIC OR LATINO ORIGIN!!Total population!!One race--!!Some other race,Margin of Error!!Percent Distribution!!PER CAPITA INCOME BY RACE AND HISPANIC OR LATINO ORIGIN!!Total population!!One race--!!Some other race,Estimate!!Percent Distribution!!PER CAPITA INCOME BY RACE AND HISPANIC OR LATINO ORIGIN!!Total population!!Two or more races,Margin of Error!!Percent Distribution!!PER CAPITA INCOME BY RACE AND HISPANIC OR LATINO ORIGIN!!Total population!!Two or more races,Estimate!!Percent Distribution!!PER CAPITA INCOME BY RACE AND HISPANIC OR LATINO ORIGIN!!Total population!!Hispanic or Latino origin (of any race),Margin of Error!!Percent Distribution!!PER CAPITA INCOME BY RACE AND HISPANIC OR LATINO ORIGIN!!Total population!!Hispanic or Latino origin (of any race),"Estimate!!Percent Distribution!!PER CAPITA INCOME BY RACE AND HISPANIC OR LATINO ORIGIN!!Total population!!White alone, not Hispanic or Latino","Margin of Error!!Percent Distribution!!PER CAPITA INCOME BY RACE AND HISPANIC OR LATINO ORIGIN!!Total population!!White alone, not Hispanic or Latino",Estimate!!Mean income (dollars)!!HOUSEHOLD INCOME!!All households,Margin of Error!!Mean income (dollars)!!HOUSEHOLD INCOME!!All households,Estimate!!Mean income (dollars)!!HOUSEHOLD INCOME!!All households!!With earnings,Margin of Error!!Mean income (dollars)!!HOUSEHOLD INCOME!!All households!!With earnings,Estimate!!Mean income (dollars)!!HOUSEHOLD INCOME!!All households!!With earnings!!With wages or salary income,Margin of Error!!Mean income (dollars)!!HOUSEHOLD INCOME!!All households!!With earnings!!With wages or salary income,Estimate!!Mean income (dollars)!!HOUSEHOLD INCOME!!All households!!With earnings!!With self-employment income,Margin of Error!!Mean income (dollars)!!HOUSEHOLD INCOME!!All households!!With earnings!!With self-employment income,"Estimate!!Mean income (dollars)!!HOUSEHOLD INCOME!!All households!!With interest, dividends, or net rental income","Margin of Error!!Mean income (dollars)!!HOUSEHOLD INCOME!!All households!!With interest, dividends, or net rental income",Estimate!!Mean income (dollars)!!HOUSEHOLD INCOME!!All households!!With Social Security income,Margin of Error!!Mean income (dollars)!!HOUSEHOLD INCOME!!All households!!With Social Security income,Estimate!!Mean income (dollars)!!HOUSEHOLD INCOME!!All households!!With Supplemental Security Income (SSI),Margin of Error!!Mean income (dollars)!!HOUSEHOLD INCOME!!All households!!With Supplemental Security Income (SSI),Estimate!!Mean income (dollars)!!HOUSEHOLD INCOME!!All households!!With cash public assistance income or Food Stamps/SNAP,Margin of Error!!Mean income (dollars)!!HOUSEHOLD INCOME!!All households!!With cash public assistance income or Food Stamps/SNAP,Estimate!!Mean income (dollars)!!HOUSEHOLD INCOME!!All households!!With cash public assistance income or Food Stamps/SNAP!!With cash public assistance,Margin of Error!!Mean income (dollars)!!HOUSEHOLD INCOME!!All households!!With cash public assistance income or Food Stamps/SNAP!!With cash public assistance,Estimate!!Mean income (dollars)!!HOUSEHOLD INCOME!!All households!!With retirement income,Margin of Error!!Mean income (dollars)!!HOUSEHOLD INCOME!!All households!!With retirement income,Estimate!!Mean income (dollars)!!HOUSEHOLD INCOME!!All households!!With other types of income,Margin of Error!!Mean income (dollars)!!HOUSEHOLD INCOME!!All households!!With other types of income,Estimate!!Mean income (dollars)!!FAMILY INCOME BY NUMBER OF WORKERS IN FAMILY!!All families,Margin of Error!!Mean income (dollars)!!FAMILY INCOME BY NUMBER OF WORKERS IN FAMILY!!All families,Estimate!!Mean income (dollars)!!FAMILY INCOME BY NUMBER OF WORKERS IN FAMILY!!All families!!No workers,Margin of Error!!Mean income (dollars)!!FAMILY INCOME BY NUMBER OF WORKERS IN FAMILY!!All families!!No workers,Estimate!!Mean income (dollars)!!FAMILY INCOME BY NUMBER OF WORKERS IN FAMILY!!All families!!1 worker,Margin of Error!!Mean income (dollars)!!FAMILY INCOME BY NUMBER OF WORKERS IN FAMILY!!All families!!1 worker,"Estimate!!Mean income (dollars)!!FAMILY INCOME BY NUMBER OF WORKERS IN FAMILY!!All families!!2 workers, both spouses worked","Margin of Error!!Mean income (dollars)!!FAMILY INCOME BY NUMBER OF WORKERS IN FAMILY!!All families!!2 workers, both spouses worked","Estimate!!Mean income (dollars)!!FAMILY INCOME BY NUMBER OF WORKERS IN FAMILY!!All families!!2 workers, other","Margin of Error!!Mean income (dollars)!!FAMILY INCOME BY NUMBER OF WORKERS IN FAMILY!!All families!!2 workers, other","Estimate!!Mean income (dollars)!!FAMILY INCOME BY NUMBER OF WORKERS IN FAMILY!!All families!!3 or more workers, both spouses worked","Margin of Error!!Mean income (dollars)!!FAMILY INCOME BY NUMBER OF WORKERS IN FAMILY!!All families!!3 or more workers, both spouses worked","Estimate!!Mean income (dollars)!!FAMILY INCOME BY NUMBER OF WORKERS IN FAMILY!!All families!!3 or more workers, other","Margin of Error!!Mean income (dollars)!!FAMILY INCOME BY NUMBER OF WORKERS IN FAMILY!!All families!!3 or more workers, other",Estimate!!Mean income (dollars)!!PER CAPITA INCOME BY RACE AND HISPANIC OR LATINO ORIGIN!!Total population,Margin of Error!!Mean income (dollars)!!PER CAPITA INCOME BY RACE AND HISPANIC OR LATINO ORIGIN!!Total population,Estimate!!Mean income (dollars)!!PER CAPITA INCOME BY RACE AND HISPANIC OR LATINO ORIGIN!!Total population!!One race--!!White,Margin of Error!!Mean income (dollars)!!PER CAPITA INCOME BY RACE AND HISPANIC OR LATINO ORIGIN!!Total population!!One race--!!White,Estimate!!Mean income (dollars)!!PER CAPITA INCOME BY RACE AND HISPANIC OR LATINO ORIGIN!!Total population!!One race--!!Black or African American,Margin of Error!!Mean income (dollars)!!PER CAPITA INCOME BY RACE AND HISPANIC OR LATINO ORIGIN!!Total population!!One race--!!Black or African American,Estimate!!Mean income (dollars)!!PER CAPITA INCOME BY RACE AND HISPANIC OR LATINO ORIGIN!!Total population!!One race--!!American Indian and Alaska Native,Margin of Error!!Mean income (dollars)!!PER CAPITA INCOME BY RACE AND HISPANIC OR LATINO ORIGIN!!Total population!!One race--!!American Indian and Alaska Native,Estimate!!Mean income (dollars)!!PER CAPITA INCOME BY RACE AND HISPANIC OR LATINO ORIGIN!!Total population!!One race--!!Asian,Margin of Error!!Mean income (dollars)!!PER CAPITA INCOME BY RACE AND HISPANIC OR LATINO ORIGIN!!Total population!!One race--!!Asian,Estimate!!Mean income (dollars)!!PER CAPITA INCOME BY RACE AND HISPANIC OR LATINO ORIGIN!!Total population!!One race--!!Native Hawaiian and Other Pacific Islander,Margin of Error!!Mean income (dollars)!!PER CAPITA INCOME BY RACE AND HISPANIC OR LATINO ORIGIN!!Total population!!One race--!!Native Hawaiian and Other Pacific Islander,Estimate!!Mean income (dollars)!!PER CAPITA INCOME BY RACE AND HISPANIC OR LATINO ORIGIN!!Total population!!One race--!!Some other race,Margin of Error!!Mean income (dollars)!!PER CAPITA INCOME BY RACE AND HISPANIC OR LATINO ORIGIN!!Total population!!One race--!!Some other race,Estimate!!Mean income (dollars)!!PER CAPITA INCOME BY RACE AND HISPANIC OR LATINO ORIGIN!!Total population!!Two or more races,Margin of Error!!Mean income (dollars)!!PER CAPITA INCOME BY RACE AND HISPANIC OR LATINO ORIGIN!!Total population!!Two or more races,Estimate!!Mean income (dollars)!!PER CAPITA INCOME BY RACE AND HISPANIC OR LATINO ORIGIN!!Total population!!Hispanic or Latino origin (of any race),Margin of Error!!Mean income (dollars)!!PER CAPITA INCOME BY RACE AND HISPANIC OR LATINO ORIGIN!!Total population!!Hispanic or Latino origin (of any race),"Estimate!!Mean income (dollars)!!PER CAPITA INCOME BY RACE AND HISPANIC OR LATINO ORIGIN!!Total population!!White alone, not Hispanic or Latino","Margin of Error!!Mean income (dollars)!!PER CAPITA INCOME BY RACE AND HISPANIC OR LATINO ORIGIN!!Total population!!White alone, not Hispanic or Latino",Unnamed: 170
6,Marc Demo,Eugene,97401,233.0,,,2025-11-21 21:43:15.556214,I-Clothing,,,,,,,,,,,,,,,,,,,,,,,,,,,,,,,,,,,,,,,,,,,,,,,,,,,,,,,,,,,,,,,,,,,,,,,,,,,,,,,,,,,,,,,,,,,,,,,,,,,,,,,,,,,,,,,,,,,,,,,,,,,,,,,,,,,,,,,,,,,,,,,,,,,,,,,,,,,,,,,,,,,,,,,,,,,
32,Oscar Morgan,Serravalle,47899,203.0,,,2025-11-21 21:43:15.556214,I-Clothing,,,,,,,,,,,,,,,,,,,,,,,,,,,,,,,,,,,,,,,,,,,,,,,,,,,,,,,,,,,,,,,,,,,,,,,,,,,,,,,,,,,,,,,,,,,,,,,,,,,,,,,,,,,,,,,,,,,,,,,,,,,,,,,,,,,,,,,,,,,,,,,,,,,,,,,,,,,,,,,,,,,,,,,,,,,
21,Edwin Hansen,Serravalle,47899,203.0,,,2025-11-21 21:43:15.556214,I-Clothing,,,,,,,,,,,,,,,,,,,,,,,,,,,,,,,,,,,,,,,,,,,,,,,,,,,,,,,,,,,,,,,,,,,,,,,,,,,,,,,,,,,,,,,,,,,,,,,,,,,,,,,,,,,,,,,,,,,,,,,,,,,,,,,,,,,,,,,,,,,,,,,,,,,,,,,,,,,,,,,,,,,,,,,,,,,
37,Sandra Neal,Tracy,95304,233.0,,,2025-11-21 21:43:15.556214,I-Clothing,,,,,,,,,,,,,,,,,,,,,,,,,,,,,,,,,,,,,,,,,,,,,,,,,,,,,,,,,,,,,,,,,,,,,,,,,,,,,,,,,,,,,,,,,,,,,,,,,,,,,,,,,,,,,,,,,,,,,,,,,,,,,,,,,,,,,,,,,,,,,,,,,,,,,,,,,,,,,,,,,,,,,,,,,,,
33,Tom Ruiz,Turlock,95380,233.0,,,2025-11-21 21:43:15.556214,I-Clothing,,,,,,,,,,,,,,,,,,,,,,,,,,,,,,,,,,,,,,,,,,,,,,,,,,,,,,,,,,,,,,,,,,,,,,,,,,,,,,,,,,,,,,,,,,,,,,,,,,,,,,,,,,,,,,,,,,,,,,,,,,,,,,,,,,,,,,,,,,,,,,,,,,,,,,,,,,,,,,,,,,,,,,,,,,,
31,Theodore Gardner,Tracy,95304,233.0,,,2025-11-21 21:43:15.556214,I-Clothing,,,,,,,,,,,,,,,,,,,,,,,,,,,,,,,,,,,,,,,,,,,,,,,,,,,,,,,,,,,,,,,,,,,,,,,,,,,,,,,,,,,,,,,,,,,,,,,,,,,,,,,,,,,,,,,,,,,,,,,,,,,,,,,,,,,,,,,,,,,,,,,,,,,,,,,,,,,,,,,,,,,,,,,,,,,
28,Nicole Ford,Fremont,94538,233.0,,,2025-11-21 21:43:15.556214,I-Clothing,,,,,,,,,,,,,,,,,,,,,,,,,,,,,,,,,,,,,,,,,,,,,,,,,,,,,,,,,,,,,,,,,,,,,,,,,,,,,,,,,,,,,,,,,,,,,,,,,,,,,,,,,,,,,,,,,,,,,,,,,,,,,,,,,,,,,,,,,,,,,,,,,,,,,,,,,,,,,,,,,,,,,,,,,,,
40,Chester Reed,Brisbane,94005,233.0,,,2025-11-21 21:43:15.556214,I-Clothing,,,,,,,,,,,,,,,,,,,,,,,,,,,,,,,,,,,,,,,,,,,,,,,,,,,,,,,,,,,,,,,,,,,,,,,,,,,,,,,,,,,,,,,,,,,,,,,,,,,,,,,,,,,,,,,,,,,,,,,,,,,,,,,,,,,,,,,,,,,,,,,,,,,,,,,,,,,,,,,,,,,,,,,,,,,
7,Joel Willis,Bayonne,07002,233.0,,,2025-11-21 21:43:15.556214,I-Clothing,,,,,,,,,,,,,,,,,,,,,,,,,,,,,,,,,,,,,,,,,,,,,,,,,,,,,,,,,,,,,,,,,,,,,,,,,,,,,,,,,,,,,,,,,,,,,,,,,,,,,,,,,,,,,,,,,,,,,,,,,,,,,,,,,,,,,,,,,,,,,,,,,,,,,,,,,,,,,,,,,,,,,,,,,,,
19,Douglas Fletcher,Pleasant Hill,94523,233.0,,,2025-11-21 21:43:15.556214,I-Clothing,,,,,,,,,,,,,,,,,,,,,,,,,,,,,,,,,,,,,,,,,,,,,,,,,,,,,,,,,,,,,,,,,,,,,,,,,,,,,,,,,,,,,,,,,,,,,,,,,,,,,,,,,,,,,,,,,,,,,,,,,,,,,,,,,,,,,,,,,,,,,,,,,,,,,,,,,,,,,,,,,,,,,,,,,,,
17,Willie Burke,Turlock,95380,233.0,,,2025-11-21 21:43:15.556214,I-Clothing,,,,,,,,,,,,,,,,,,,,,,,,,,,,,,,,,,,,,,,,,,,,,,,,,,,,,,,,,,,,,,,,,,,,,,,,,,,,,,,,,,,,,,,,,,,,,,,,,,,,,,,,,,,,,,,,,,,,,,,,,,,,,,,,,,,,,,,,,,,,,,,,,,,,,,,,,,,,,,,,,,,,,,,,,,,
18,Ron Gibson,Turlock,95380,233.0,,,2025-11-21 21:43:15.556214,I-Clothing,,,,,,,,,,,,,,,,,,,,,,,,,,,,,,,,,,,,,,,,,,,,,,,,,,,,,,,,,,,,,,,,,,,,,,,,,,,,,,,,,,,,,,,,,,,,,,,,,,,,,,,,,,,,,,,,,,,,,,,,,,,,,,,,,,,,,,,,,,,,,,,,,,,,,,,,,,,,,,,,,,,,,,,,,,,
39,Travis Mendoza,Tracy,95304,233.0,,,2025-11-21 21:43:15.556214,I-Clothing,,,,,,,,,,,,,,,,,,,,,,,,,,,,,,,,,,,,,,,,,,,,,,,,,,,,,,,,,,,,,,,,,,,,,,,,,,,,,,,,,,,,,,,,,,,,,,,,,,,,,,,,,,,,,,,,,,,,,,,,,,,,,,,,,,,,,,,,,,,,,,,,,,,,,,,,,,,,,,,,,,,,,,,,,,,
3,Mitchell Admin,Scranton,18503,233.0,,,2025-11-21 21:43:15.556214,I-Clothing,,,,,,,,,,,,,,,,,,,,,,,,,,,,,,,,,,,,,,,,,,,,,,,,,,,,,,,,,,,,,,,,,,,,,,,,,,,,,,,,,,,,,,,,,,,,,,,,,,,,,,,,,,,,,,,,,,,,,,,,,,,,,,,,,,,,,,,,,,,,,,,,,,,,,,,,,,,,,,,,,,,,,,,,,,,
24,Soham Palmer,Serravalle,47899,203.0,,,2025-11-21 21:43:15.556214,I-Clothing,,,,,,,,,,,,,,,,,,,,,,,,,,,,,,,,,,,,,,,,,,,,,,,,,,,,,,,,,,,,,,,,,,,,,,,,,,,,,,,,,,,,,,,,,,,,,,,,,,,,,,,,,,,,,,,,,,,,,,,,,,,,,,,,,,,,,,,,,,,,,,,,,,,,,,,,,,,,,,,,,,,,,,,,,,,
27,Brandon Freeman,Fremont,94538,233.0,,,2025-11-21 21:43:15.556214,I-Clothing,,,,,,,,,,,,,,,,,,,,,,,,,,,,,,,,,,,,,,,,,,,,,,,,,,,,,,,,,,,,,,,,,,,,,,,,,,,,,,,,,,,,,,,,,,,,,,,,,,,,,,,,,,,,,,,,,,,,,,,,,,,,,,,,,,,,,,,,,,,,,,,,,,,,,,,,,,,,,,,,,,,,,,,,,,,
34,Colleen Diaz,Fremont,94538,233.0,,,2025-11-21 21:43:15.556214,I-Clothing,,,,,,,,,,,,,,,,,,,,,,,,,,,,,,,,,,,,,,,,,,,,,,,,,,,,,,,,,,,,,,,,,,,,,,,,,,,,,,,,,,,,,,,,,,,,,,,,,,,,,,,,,,,,,,,,,,,,,,,,,,,,,,,,,,,,,,,,,,,,,,,,,,,,,,,,,,,,,,,,,,,,,,,,,,,
29,Toni Rhodes,Tracy,95377,233.0,,,2025-11-21 21:43:15.556214,I-Clothing,,,,,,,,,,,,,,,,,,,,,,,,,,,,,,,,,,,,,,,,,,,,,,,,,,,,,,,,,,,,,,,,,,,,,,,,,,,,,,,,,,,,,,,,,,,,,,,,,,,,,,,,,,,,,,,,,,,,,,,,,,,,,,,,,,,,,,,,,,,,,,,,,,,,,,,,,,,,,,,,,,,,,,,,,,,
54,Jeff Lawson,Chicago,60610,233.0,,,2025-12-10 00:36:54.301225,I-Clothing,,,,,,,,,,,,,,,,,,,,,,,,,,,,,,,,,,,,,,,,,,,,,,,,,,,,,,,,,,,,,,,,,,,,,,,,,,,,,,,,,,,,,,,,,,,,,,,,,,,,,,,,,,,,,,,,,,,,,,,,,,,,,,,,,,,,,,,,,,,,,,,,,,,,,,,,,,,,,,,,,,,,,,,,,,,
26,Edith Sanchez,Tracy,95304,233.0,,,2025-11-21 21:43:15.556214,I-Clothing,,,,,,,,,,,,,,,,,,,,,,,,,,,,,,,,,,,,,,,,,,,,,,,,,,,,,,,,,,,,,,,,,,,,,,,,,,,,,,,,,,,,,,,,,,,,,,,,,,,,,,,,,,,,,,,,,,,,,,,,,,,,,,,,,,,,,,,,,,,,,,,,,,,,,,,,,,,,,,,,,,,,,,,,,,,
30,Gordon Owens,Tracy,95377,233.0,,,2025-11-21 21:43:15.556214,I-Clothing,,,,,,,,,,,,,,,,,,,,,,,,,,,,,,,,,,,,,,,,,,,,,,,,,,,,,,,,,,,,,,,,,,,,,,,,,,,,,,,,,,,,,,,,,,,,,,,,,,,,,,,,,,,,,,,,,,,,,,,,,,,,,,,,,,,,,,,,,,,,,,,,,,,,,,,,,,,,,,,,,,,,,,,,,,,
41,Dwayne Newman,Brisbane,94005,233.0,,,2025-11-21 21:43:15.556214,I-Clothing,,,,,,,,,,,,,,,,,,,,,,,,,,,,,,,,,,,,,,,,,,,,,,,,,,,,,,,,,,,,,,,,,,,,,,,,,,,,,,,,,,,,,,,,,,,,,,,,,,,,,,,,,,,,,,,,,,,,,,,,,,,,,,,,,,,,,,,,,,,,,,,,,,,,,,,,,,,,,,,,,,,,,,,,,,,
23,Jesse Brown,Serravalle,47899,203.0,,,2025-11-21 21:43:15.556214,I-Clothing,,,,,,,,,,,,,,,,,,,,,,,,,,,,,,,,,,,,,,,,,,,,,,,,,,,,,,,,,,,,,,,,,,,,,,,,,,,,,,,,,,,,,,,,,,,,,,,,,,,,,,,,,,,,,,,,,,,,,,,,,,,,,,,,,,,,,,,,,,,,,,,,,,,,,,,,,,,,,,,,,,,,,,,,,,,
35,Lorraine Douglas,Stockton,95202,233.0,,,2025-11-21 21:43:15.556214,I-Clothing,,,,,,,,,,,,,,,,,,,,,,,,,,,,,,,,,,,,,,,,,,,,,,,,,,,,,,,,,,,,,,,,,,,,,,,,,,,,,,,,,,,,,,,,,,,,,,,,,,,,,,,,,,,,,,,,,,,,,,,,,,,,,,,,,,,,,,,,,,,,,,,,,,,,,,,,,,,,,,,,,,,,,,,,,,,
20,Floyd Steward,Pleasant Hill,94523,233.0,,,2025-11-21 21:43:15.556214,I-Clothing,,,,,,,,,,,,,,,,,,,,,,,,,,,,,,,,,,,,,,,,,,,,,,,,,,,,,,,,,,,,,,,,,,,,,,,,,,,,,,,,,,,,,,,,,,,,,,,,,,,,,,,,,,,,,,,,,,,,,,,,,,,,,,,,,,,,,,,,,,,,,,,,,,,,,,,,,,,,,,,,,,,,,,,,,,,
36,Addison Olson,Pleasant Hill,94523,233.0,,,2025-11-21 21:43:15.556214,I-Clothing,,,,,,,,,,,,,,,,,,,,,,,,,,,,,,,,,,,,,,,,,,,,,,,,,,,,,,,,,,,,,,,,,,,,,,,,,,,,,,,,,,,,,,,,,,,,,,,,,,,,,,,,,,,,,,,,,,,,,,,,,,,,,,,,,,,,,,,,,,,,,,,,,,,,,,,,,,,,,,,,,,,,,,,,,,,
38,Julie Richards,Tracy,95304,233.0,,,2025-11-21 21:43:15.556214,I-Clothing,,,,,,,,,,,,,,,,,,,,,,,,,,,,,,,,,,,,,,,,,,,,,,,,,,,,,,,,,,,,,,,,,,,,,,,,,,,,,,,,,,,,,,,,,,,,,,,,,,,,,,,,,,,,,,,,,,,,,,,,,,,,,,,,,,,,,,,,,,,,,,,,,,,,,,,,,,,,,,,,,,,,,,,,,,,
22,Billy Fox,Tracy,95304,233.0,,,2025-11-21 21:43:15.556214,I-Clothing,,,,,,,,,,,,,,,,,,,,,,,,,,,,,,,,,,,,,,,,,,,,,,,,,,,,,,,,,,,,,,,,,,,,,,,,,,,,,,,,,,,,,,,,,,,,,,,,,,,,,,,,,,,,,,,,,,,,,,,,,,,,,,,,,,,,,,,,,,,,,,,,,,,,,,,,,,,,,,,,,,,,,,,,,,,
25,Kim Snyder,Tracy,95304,233.0,,,2025-11-21 21:43:15.556214,I-Clothing,,,,,,,,,,,,,,,,,,,,,,,,,,,,,,,,,,,,,,,,,,,,,,,,,,,,,,,,,,,,,,,,,,,,,,,,,,,,,,,,,,,,,,,,,,,,,,,,,,,,,,,,,,,,,,,,,,,,,,,,,,,,,,,,,,,,,,,,,,,,,,,,,,,,,,,,,,,,,,,,,,,,,,,,,,,
43,Jeff Lawson,Chicago,60610,233.0,,,2025-12-29 22:03:56.423515,I-Furniture,,,,,,,,,,,,,,,,,,,,,,,,,,,,,,,,,,,,,,,,,,,,,,,,,,,,,,,,,,,,,,,,,,,,,,,,,,,,,,,,,,,,,,,,,,,,,,,,,,,,,,,,,,,,,,,,,,,,,,,,,,,,,,,,,,,,,,,,,,,,,,,,,,,,,,,,,,,,,,,,,,,,,,,,,,,
37,Sandra Neal,Tracy,95304,233.0,,,2025-07-12 19:16:24.366428,I-Furniture,,,,,,,,,,,,,,,,,,,,,,,,,,,,,,,,,,,,,,,,,,,,,,,,,,,,,,,,,,,,,,,,,,,,,,,,,,,,,,,,,,,,,,,,,,,,,,,,,,,,,,,,,,,,,,,,,,,,,,,,,,,,,,,,,,,,,,,,,,,,,,,,,,,,,,,,,,,,,,,,,,,,,,,,,,,
44,John Doe,,,,,,2025-12-29 22:04:39.811607,I-Furniture,,,,,,,,,,,,,,,,,,,,,,,,,,,,,,,,,,,,,,,,,,,,,,,,,,,,,,,,,,,,,,,,,,,,,,,,,,,,,,,,,,,,,,,,,,,,,,,,,,,,,,,,,,,,,,,,,,,,,,,,,,,,,,,,,,,,,,,,,,,,,,,,,,,,,,,,,,,,,,,,,,,,,,,,,,,
38,Julie Richards,Tracy,95304,233.0,,,2025-07-12 19:16:24.366428,I-Furniture,,,,,,,,,,,,,,,,,,,,,,,,,,,,,,,,,,,,,,,,,,,,,,,,,,,,,,,,,,,,,,,,,,,,,,,,,,,,,,,,,,,,,,,,,,,,,,,,,,,,,,,,,,,,,,,,,,,,,,,,,,,,,,,,,,,,,,,,,,,,,,,,,,,,,,,,,,,,,,,,,,,,,,,,,,,
39,Travis Mendoza,Tracy,95304,233.0,,,2025-07-12 19:16:24.366428,I-Furniture,,,,,,,,,,,,,,,,,,,,,,,,,,,,,,,,,,,,,,,,,,,,,,,,,,,,,,,,,,,,,,,,,,,,,,,,,,,,,,,,,,,,,,,,,,,,,,,,,,,,,,,,,,,,,,,,,,,,,,,,,,,,,,,,,,,,,,,,,,,,,,,,,,,,,,,,,,,,,,,,,,,,,,,,,,,
22,Billy Fox,Tracy,95304,233.0,,,2025-07-12 19:16:24.366428,I-Furniture,,,,,,,,,,,,,,,,,,,,,,,,,,,,,,,,,,,,,,,,,,,,,,,,,,,,,,,,,,,,,,,,,,,,,,,,,,,,,,,,,,,,,,,,,,,,,,,,,,,,,,,,,,,,,,,,,,,,,,,,,,,,,,,,,,,,,,,,,,,,,,,,,,,,,,,,,,,,,,,,,,,,,,,,,,,
25,Kim Snyder,Tracy,95304,233.0,,,2025-07-12 19:16:24.366428,I-Furniture,,,,,,,,,,,,,,,,,,,,,,,,,,,,,,,,,,,,,,,,,,,,,,,,,,,,,,,,,,,,,,,,,,,,,,,,,,,,,,,,,,,,,,,,,,,,,,,,,,,,,,,,,,,,,,,,,,,,,,,,,,,,,,,,,,,,,,,,,,,,,,,,,,,,,,,,,,,,,,,,,,,,,,,,,,,
26,Edith Sanchez,Tracy,95304,233.0,,,2025-07-12 19:16:24.366428,I-Furniture,,,,,,,,,,,,,,,,,,,,,,,,,,,,,,,,,,,,,,,,,,,,,,,,,,,,,,,,,,,,,,,,,,,,,,,,,,,,,,,,,,,,,,,,,,,,,,,,,,,,,,,,,,,,,,,,,,,,,,,,,,,,,,,,,,,,,,,,,,,,,,,,,,,,,,,,,,,,,,,,,,,,,,,,,,,
27,Brandon Freeman,Fremont,94538,233.0,,,2025-07-12 19:16:24.366428,I-Furniture,,,,,,,,,,,,,,,,,,,,,,,,,,,,,,,,,,,,,,,,,,,,,,,,,,,,,,,,,,,,,,,,,,,,,,,,,,,,,,,,,,,,,,,,,,,,,,,,,,,,,,,,,,,,,,,,,,,,,,,,,,,,,,,,,,,,,,,,,,,,,,,,,,,,,,,,,,,,,,,,,,,,,,,,,,,
19,Douglas Fletcher,Pleasant Hill,94523,233.0,,,2025-07-12 19:16:24.366428,I-Furniture,,,,,,,,,,,,,,,,,,,,,,,,,,,,,,,,,,,,,,,,,,,,,,,,,,,,,,,,,,,,,,,,,,,,,,,,,,,,,,,,,,,,,,,,,,,,,,,,,,,,,,,,,,,,,,,,,,,,,,,,,,,,,,,,,,,,,,,,,,,,,,,,,,,,,,,,,,,,,,,,,,,,,,,,,,,
20,Floyd Steward,Pleasant Hill,94523,233.0,,,2025-07-12 19:16:24.366428,I-Furniture,,,,,,,,,,,,,,,,,,,,,,,,,,,,,,,,,,,,,,,,,,,,,,,,,,,,,,,,,,,,,,,,,,,,,,,,,,,,,,,,,,,,,,,,,,,,,,,,,,,,,,,,,,,,,,,,,,,,,,,,,,,,,,,,,,,,,,,,,,,,,,,,,,,,,,,,,,,,,,,,,,,,,,,,,,,
32,Oscar Morgan,Fairfield,94535,233.0,,,2025-07-12 19:16:24.366428,I-Furniture,,,,,,,,,,,,,,,,,,,,,,,,,,,,,,,,,,,,,,,,,,,,,,,,,,,,,,,,,,,,,,,,,,,,,,,,,,,,,,,,,,,,,,,,,,,,,,,,,,,,,,,,,,,,,,,,,,,,,,,,,,,,,,,,,,,,,,,,,,,,,,,,,,,,,,,,,,,,,,,,,,,,,,,,,,,
36,Addison Olson,Pleasant Hill,94523,233.0,,,2025-07-12 19:16:24.366428,I-Furniture,,,,,,,,,,,,,,,,,,,,,,,,,,,,,,,,,,,,,,,,,,,,,,,,,,,,,,,,,,,,,,,,,,,,,,,,,,,,,,,,,,,,,,,,,,,,,,,,,,,,,,,,,,,,,,,,,,,,,,,,,,,,,,,,,,,,,,,,,,,,,,,,,,,,,,,,,,,,,,,,,,,,,,,,,,,
51,Jeffrey Kelly,,,,,,2026-01-04 15:23:44.216526,I-Furniture,,,,,,,,,,,,,,,,,,,,,,,,,,,,,,,,,,,,,,,,,,,,,,,,,,,,,,,,,,,,,,,,,,,,,,,,,,,,,,,,,,,,,,,,,,,,,,,,,,,,,,,,,,,,,,,,,,,,,,,,,,,,,,,,,,,,,,,,,,,,,,,,,,,,,,,,,,,,,,,,,,,,,,,,,,,
52,Ronnie Hart,,,,,,2026-01-04 15:23:44.216526,I-Furniture,,,,,,,,,,,,,,,,,,,,,,,,,,,,,,,,,,,,,,,,,,,,,,,,,,,,,,,,,,,,,,,,,,,,,,,,,,,,,,,,,,,,,,,,,,,,,,,,,,,,,,,,,,,,,,,,,,,,,,,,,,,,,,,,,,,,,,,,,,,,,,,,,,,,,,,,,,,,,,,,,,,,,,,,,,,
53,Tina Williamson,,,,,,2026-01-04 15:23:44.216526,I-Furniture,,,,,,,,,,,,,,,,,,,,,,,,,,,,,,,,,,,,,,,,,,,,,,,,,,,,,,,,,,,,,,,,,,,,,,,,,,,,,,,,,,,,,,,,,,,,,,,,,,,,,,,,,,,,,,,,,,,,,,,,,,,,,,,,,,,,,,,,,,,,,,,,,,,,,,,,,,,,,,,,,,,,,,,,,,,
54,Abigail Peterson,,,,,,2026-01-04 15:23:44.216526,I-Furniture,,,,,,,,,,,,,,,,,,,,,,,,,,,,,,,,,,,,,,,,,,,,,,,,,,,,,,,,,,,,,,,,,,,,,,,,,,,,,,,,,,,,,,,,,,,,,,,,,,,,,,,,,,,,,,,,,,,,,,,,,,,,,,,,,,,,,,,,,,,,,,,,,,,,,,,,,,,,,,,,,,,,,,,,,,,
55,Audrey Peterson,,,,,,2026-01-04 15:23:44.216526,I-Furniture,,,,,,,,,,,,,,,,,,,,,,,,,,,,,,,,,,,,,,,,,,,,,,,,,,,,,,,,,,,,,,,,,,,,,,,,,,,,,,,,,,,,,,,,,,,,,,,,,,,,,,,,,,,,,,,,,,,,,,,,,,,,,,,,,,,,,,,,,,,,,,,,,,,,,,,,,,,,,,,,,,,,,,,,,,,
56,Eli Lambert,,,,,,2026-01-04 15:23:44.216526,I-Furniture,,,,,,,,,,,,,,,,,,,,,,,,,,,,,,,,,,,,,,,,,,,,,,,,,,,,,,,,,,,,,,,,,,,,,,,,,,,,,,,,,,,,,,,,,,,,,,,,,,,,,,,,,,,,,,,,,,,,,,,,,,,,,,,,,,,,,,,,,,,,,,,,,,,,,,,,,,,,,,,,,,,,,,,,,,,
57,Rachel Perry,,,,,,2026-01-04 15:23:44.216526,I-Furniture,,,,,,,,,,,,,,,,,,,,,,,,,,,,,,,,,,,,,,,,,,,,,,,,,,,,,,,,,,,,,,,,,,,,,,,,,,,,,,,,,,,,,,,,,,,,,,,,,,,,,,,,,,,,,,,,,,,,,,,,,,,,,,,,,,,,,,,,,,,,,,,,,,,,,,,,,,,,,,,,,,,,,,,,,,,
58,Keith Byrd,,,,,,2026-01-04 15:23:44.216526,I-Furniture,,,,,,,,,,,,,,,,,,,,,,,,,,,,,,,,,,,,,,,,,,,,,,,,,,,,,,,,,,,,,,,,,,,,,,,,,,,,,,,,,,,,,,,,,,,,,,,,,,,,,,,,,,,,,,,,,,,,,,,,,,,,,,,,,,,,,,,,,,,,,,,,,,,,,,,,,,,,,,,,,,,,,,,,,,,
59,Doris Cole,,,,,,2026-01-04 15:23:44.216526,I-Furniture,,,,,,,,,,,,,,,,,,,,,,,,,,,,,,,,,,,,,,,,,,,,,,,,,,,,,,,,,,,,,,,,,,,,,,,,,,,,,,,,,,,,,,,,,,,,,,,,,,,,,,,,,,,,,,,,,,,,,,,,,,,,,,,,,,,,,,,,,,,,,,,,,,,,,,,,,,,,,,,,,,,,,,,,,,,
60,Ernest Reed,,,,,,2026-01-04 15:23:44.216526,I-Furniture,,,,,,,,,,,,,,,,,,,,,,,,,,,,,,,,,,,,,,,,,,,,,,,,,,,,,,,,,,,,,,,,,,,,,,,,,,,,,,,,,,,,,,,,,,,,,,,,,,,,,,,,,,,,,,,,,,,,,,,,,,,,,,,,,,,,,,,,,,,,,,,,,,,,,,,,,,,,,,,,,,,,,,,,,,,
61,Toni Jimenez,,,,,,2026-01-04 15:23:44.216526,I-Furniture,,,,,,,,,,,,,,,,,,,,,,,,,,,,,,,,,,,,,,,,,,,,,,,,,,,,,,,,,,,,,,,,,,,,,,,,,,,,,,,,,,,,,,,,,,,,,,,,,,,,,,,,,,,,,,,,,,,,,,,,,,,,,,,,,,,,,,,,,,,,,,,,,,,,,,,,,,,,,,,,,,,,,,,,,,,
62,Anita Oliver,,,,,,2026-01-04 15:23:44.216526,I-Furniture,,,,,,,,,,,,,,,,,,,,,,,,,,,,,,,,,,,,,,,,,,,,,,,,,,,,,,,,,,,,,,,,,,,,,,,,,,,,,,,,,,,,,,,,,,,,,,,,,,,,,,,,,,,,,,,,,,,,,,,,,,,,,,,,,,,,,,,,,,,,,,,,,,,,,,,,,,,,,,,,,,,,,,,,,,,
63,Sharlene Rhodes,,,,,,2026-01-04 15:23:44.216526,I-Furniture,,,,,,,,,,,,,,,,,,,,,,,,,,,,,,,,,,,,,,,,,,,,,,,,,,,,,,,,,,,,,,,,,,,,,,,,,,,,,,,,,,,,,,,,,,,,,,,,,,,,,,,,,,,,,,,,,,,,,,,,,,,,,,,,,,,,,,,,,,,,,,,,,,,,,,,,,,,,,,,,,,,,,,,,,,,
64,Randall Lewis,,,,,,2026-01-04 15:23:44.216526,I-Furniture,,,,,,,,,,,,,,,,,,,,,,,,,,,,,,,,,,,,,,,,,,,,,,,,,,,,,,,,,,,,,,,,,,,,,,,,,,,,,,,,,,,,,,,,,,,,,,,,,,,,,,,,,,,,,,,,,,,,,,,,,,,,,,,,,,,,,,,,,,,,,,,,,,,,,,,,,,,,,,,,,,,,,,,,,,,
65,Jennie Fletcher,,,,,,2026-01-04 15:23:44.216526,I-Furniture,,,,,,,,,,,,,,,,,,,,,,,,,,,,,,,,,,,,,,,,,,,,,,,,,,,,,,,,,,,,,,,,,,,,,,,,,,,,,,,,,,,,,,,,,,,,,,,,,,,,,,,,,,,,,,,,,,,,,,,,,,,,,,,,,,,,,,,,,,,,,,,,,,,,,,,,,,,,,,,,,,,,,,,,,,,
66,Paul Williams,,,,,,2026-01-04 15:23:44.216526,I-Furniture,,,,,,,,,,,,,,,,,,,,,,,,,,,,,,,,,,,,,,,,,,,,,,,,,,,,,,,,,,,,,,,,,,,,,,,,,,,,,,,,,,,,,,,,,,,,,,,,,,,,,,,,,,,,,,,,,,,,,,,,,,,,,,,,,,,,,,,,,,,,,,,,,,,,,,,,,,,,,,,,,,,,,,,,,,,
67,Walter Horton,,,,,,2026-01-04 15:23:44.216526,I-Furniture,,,,,,,,,,,,,,,,,,,,,,,,,,,,,,,,,,,,,,,,,,,,,,,,,,,,,,,,,,,,,,,,,,,,,,,,,,,,,,,,,,,,,,,,,,,,,,,,,,,,,,,,,,,,,,,,,,,,,,,,,,,,,,,,,,,,,,,,,,,,,,,,,,,,,,,,,,,,,,,,,,,,,,,,,,,
68,Beth Evans,,,,,,2026-01-04 15:23:44.216526,I-Furniture,,,,,,,,,,,,,,,,,,,,,,,,,,,,,,,,,,,,,,,,,,,,,,,,,,,,,,,,,,,,,,,,,,,,,,,,,,,,,,,,,,,,,,,,,,,,,,,,,,,,,,,,,,,,,,,,,,,,,,,,,,,,,,,,,,,,,,,,,,,,,,,,,,,,,,,,,,,,,,,,,,,,,,,,,,,
29,Toni Rhodes,Tracy,95377,233.0,,,2025-07-12 19:16:24.366428,I-Furniture,,,,,,,,,,,,,,,,,,,,,,,,,,,,,,,,,,,,,,,,,,,,,,,,,,,,,,,,,,,,,,,,,,,,,,,,,,,,,,,,,,,,,,,,,,,,,,,,,,,,,,,,,,,,,,,,,,,,,,,,,,,,,,,,,,,,,,,,,,,,,,,,,,,,,,,,,,,,,,,,,,,,,,,,,,,
30,Gordon Owens,Tracy,95377,233.0,,,2025-07-12 19:16:24.366428,I-Furniture,,,,,,,,,,,,,,,,,,,,,,,,,,,,,,,,,,,,,,,,,,,,,,,,,,,,,,,,,,,,,,,,,,,,,,,,,,,,,,,,,,,,,,,,,,,,,,,,,,,,,,,,,,,,,,,,,,,,,,,,,,,,,,,,,,,,,,,,,,,,,,,,,,,,,,,,,,,,,,,,,,,,,,,,,,,
35,Lorraine Douglas,Stockton,95202,233.0,,,2025-07-12 19:16:24.366428,I-Furniture,,,,,,,,,,,,,,,,,,,,,,,,,,,,,,,,,,,,,,,,,,,,,,,,,,,,,,,,,,,,,,,,,,,,,,,,,,,,,,,,,,,,,,,,,,,,,,,,,,,,,,,,,,,,,,,,,,,,,,,,,,,,,,,,,,,,,,,,,,,,,,,,,,,,,,,,,,,,,,,,,,,,,,,,,,,
41,Dwayne Newman,San Francisco,94134,233.0,,,2025-07-12 19:16:24.366428,I-Furniture,,,,,,,,,,,,,,,,,,,,,,,,,,,,,,,,,,,,,,,,,,,,,,,,,,,,,,,,,,,,,,,,,,,,,,,,,,,,,,,,,,,,,,,,,,,,,,,,,,,,,,,,,,,,,,,,,,,,,,,,,,,,,,,,,,,,,,,,,,,,,,,,,,,,,,,,,,,,,,,,,,,,,,,,,,,
40,Chester Reed,San Francisco,94134,233.0,,,2025-07-12 19:16:24.366428,I-Furniture,,,,,,,,,,,,,,,,,,,,,,,,,,,,,,,,,,,,,,,,,,,,,,,,,,,,,,,,,,,,,,,,,,,,,,,,,,,,,,,,,,,,,,,,,,,,,,,,,,,,,,,,,,,,,,,,,,,,,,,,,,,,,,,,,,,,,,,,,,,,,,,,,,,,,,,,,,,,,,,,,,,,,,,,,,,
21,Edwin Hansen,Fairfield,94535,233.0,,,2025-07-12 19:16:24.366428,I-Furniture,,,,,,,,,,,,,,,,,,,,,,,,,,,,,,,,,,,,,,,,,,,,,,,,,,,,,,,,,,,,,,,,,,,,,,,,,,,,,,,,,,,,,,,,,,,,,,,,,,,,,,,,,,,,,,,,,,,,,,,,,,,,,,,,,,,,,,,,,,,,,,,,,,,,,,,,,,,,,,,,,,,,,,,,,,,
23,Jesse Brown,Fairfield,94535,233.0,,,2025-07-12 19:16:24.366428,I-Furniture,,,,,,,,,,,,,,,,,,,,,,,,,,,,,,,,,,,,,,,,,,,,,,,,,,,,,,,,,,,,,,,,,,,,,,,,,,,,,,,,,,,,,,,,,,,,,,,,,,,,,,,,,,,,,,,,,,,,,,,,,,,,,,,,,,,,,,,,,,,,,,,,,,,,,,,,,,,,,,,,,,,,,,,,,,,
24,Soham Palmer,Fairfield,94535,233.0,,,2025-07-12 19:16:24.366428,I-Furniture,,,,,,,,,,,,,,,,,,,,,,,,,,,,,,,,,,,,,,,,,,,,,,,,,,,,,,,,,,,,,,,,,,,,,,,,,,,,,,,,,,,,,,,,,,,,,,,,,,,,,,,,,,,,,,,,,,,,,,,,,,,,,,,,,,,,,,,,,,,,,,,,,,,,,,,,,,,,,,,,,,,,,,,,,,,
8,Joel Willis,Bayonne,07002,233.0,,,2025-07-12 19:16:24.366428,I-Furniture,,,,,,,,,,,,,,,,,,,,,,,,,,,,,,,,,,,,,,,,,,,,,,,,,,,,,,,,,,,,,,,,,,,,,,,,,,,,,,,,,,,,,,,,,,,,,,,,,,,,,,,,,,,,,,,,,,,,,,,,,,,,,,,,,,,,,,,,,,,,,,,,,,,,,,,,,,,,,,,,,,,,,,,,,,,
7,Marc Demo,Eugene,97401,233.0,,,2025-07-12 19:16:24.366428,I-Furniture,,,,,,,,,,,,,,,,,,,,,,,,,,,,,,,,,,,,,,,,,,,,,,,,,,,,,,,,,,,,,,,,,,,,,,,,,,,,,,,,,,,,,,,,,,,,,,,,,,,,,,,,,,,,,,,,,,,,,,,,,,,,,,,,,,,,,,,,,,,,,,,,,,,,,,,,,,,,,,,,,,,,,,,,,,,
3,Mitchell Admin,Scranton,18503,233.0,,,2025-07-12 19:16:24.366428,I-Furniture,,,,,,,,,,,,,,,,,,,,,,,,,,,,,,,,,,,,,,,,,,,,,,,,,,,,,,,,,,,,,,,,,,,,,,,,,,,,,,,,,,,,,,,,,,,,,,,,,,,,,,,,,,,,,,,,,,,,,,,,,,,,,,,,,,,,,,,,,,,,,,,,,,,,,,,,,,,,,,,,,,,,,,,,,,,
81,johnnyboy@gmail.example.com,,,,,,2026-01-04 15:24:12.566260,I-Furniture,,,,,,,,,,,,,,,,,,,,,,,,,,,,,,,,,,,,,,,,,,,,,,,,,,,,,,,,,,,,,,,,,,,,,,,,,,,,,,,,,,,,,,,,,,,,,,,,,,,,,,,,,,,,,,,,,,,,,,,,,,,,,,,,,,,,,,,,,,,,,,,,,,,,,,,,,,,,,,,,,,,,,,,,,,,
82,sandra.elvis.the.king25@gmail.example.com,,,,,,2026-01-04 15:24:12.566260,I-Furniture,,,,,,,,,,,,,,,,,,,,,,,,,,,,,,,,,,,,,,,,,,,,,,,,,,,,,,,,,,,,,,,,,,,,,,,,,,,,,,,,,,,,,,,,,,,,,,,,,,,,,,,,,,,,,,,,,,,,,,,,,,,,,,,,,,,,,,,,,,,,,,,,,,,,,,,,,,,,,,,,,,,,,,,,,,,
79,yin.lee@wechat.example.com,,,,,,2026-01-04 15:24:12.566260,I-Furniture,,,,,,,,,,,,,,,,,,,,,,,,,,,,,,,,,,,,,,,,,,,,,,,,,,,,,,,,,,,,,,,,,,,,,,,,,,,,,,,,,,,,,,,,,,,,,,,,,,,,,,,,,,,,,,,,,,,,,,,,,,,,,,,,,,,,,,,,,,,,,,,,,,,,,,,,,,,,,,,,,,,,,,,,,,,
80,st-hubertus@gmail.example.com,,,,,,2026-01-04 15:24:12.566260,I-Furniture,,,,,,,,,,,,,,,,,,,,,,,,,,,,,,,,,,,,,,,,,,,,,,,,,,,,,,,,,,,,,,,,,,,,,,,,,,,,,,,,,,,,,,,,,,,,,,,,,,,,,,,,,,,,,,,,,,,,,,,,,,,,,,,,,,,,,,,,,,,,,,,,,,,,,,,,,,,,,,,,,,,,,,,,,,,
84,joren.jacob@outlook.example.com,,,,,,2026-01-04 15:24:12.566260,I-Furniture,,,,,,,,,,,,,,,,,,,,,,,,,,,,,,,,,,,,,,,,,,,,,,,,,,,,,,,,,,,,,,,,,,,,,,,,,,,,,,,,,,,,,,,,,,,,,,,,,,,,,,,,,,,,,,,,,,,,,,,,,,,,,,,,,,,,,,,,,,,,,,,,,,,,,,,,,,,,,,,,,,,,,,,,,,,
71,enrique.jones152@gmail.example.com,,,,,,2026-01-04 15:24:12.566260,I-Furniture,,,,,,,,,,,,,,,,,,,,,,,,,,,,,,,,,,,,,,,,,,,,,,,,,,,,,,,,,,,,,,,,,,,,,,,,,,,,,,,,,,,,,,,,,,,,,,,,,,,,,,,,,,,,,,,,,,,,,,,,,,,,,,,,,,,,,,,,,,,,,,,,,,,,,,,,,,,,,,,,,,,,,,,,,,,
17,Willie Burke,Turlock,95380,233.0,,,2025-07-12 19:16:24.366428,I-Furniture,,,,,,,,,,,,,,,,,,,,,,,,,,,,,,,,,,,,,,,,,,,,,,,,,,,,,,,,,,,,,,,,,,,,,,,,,,,,,,,,,,,,,,,,,,,,,,,,,,,,,,,,,,,,,,,,,,,,,,,,,,,,,,,,,,,,,,,,,,,,,,,,,,,,,,,,,,,,,,,,,,,,,,,,,,,
18,Ron Gibson,Turlock,95380,233.0,,,2025-07-12 19:16:24.366428,I-Furniture,,,,,,,,,,,,,,,,,,,,,,,,,,,,,,,,,,,,,,,,,,,,,,,,,,,,,,,,,,,,,,,,,,,,,,,,,,,,,,,,,,,,,,,,,,,,,,,,,,,,,,,,,,,,,,,,,,,,,,,,,,,,,,,,,,,,,,,,,,,,,,,,,,,,,,,,,,,,,,,,,,,,,,,,,,,
72,meldona.thang@example.com,,,,,,2026-01-04 15:24:12.566260,I-Furniture,,,,,,,,,,,,,,,,,,,,,,,,,,,,,,,,,,,,,,,,,,,,,,,,,,,,,,,,,,,,,,,,,,,,,,,,,,,,,,,,,,,,,,,,,,,,,,,,,,,,,,,,,,,,,,,,,,,,,,,,,,,,,,,,,,,,,,,,,,,,,,,,,,,,,,,,,,,,,,,,,,,,,,,,,,,
73,coincoin@gmail.example.com,,,,,,2026-01-04 15:24:12.566260,I-Furniture,,,,,,,,,,,,,,,,,,,,,,,,,,,,,,,,,,,,,,,,,,,,,,,,,,,,,,,,,,,,,,,,,,,,,,,,,,,,,,,,,,,,,,,,,,,,,,,,,,,,,,,,,,,,,,,,,,,,,,,,,,,,,,,,,,,,,,,,,,,,,,,,,,,,,,,,,,,,,,,,,,,,,,,,,,,
74,kelly@wallant.example.com,,,,,,2026-01-04 15:24:12.566260,I-Furniture,,,,,,,,,,,,,,,,,,,,,,,,,,,,,,,,,,,,,,,,,,,,,,,,,,,,,,,,,,,,,,,,,,,,,,,,,,,,,,,,,,,,,,,,,,,,,,,,,,,,,,,,,,,,,,,,,,,,,,,,,,,,,,,,,,,,,,,,,,,,,,,,,,,,,,,,,,,,,,,,,,,,,,,,,,,
75,c-cile72@msn.example.com,,,,,,2026-01-04 15:24:12.566260,I-Furniture,,,,,,,,,,,,,,,,,,,,,,,,,,,,,,,,,,,,,,,,,,,,,,,,,,,,,,,,,,,,,,,,,,,,,,,,,,,,,,,,,,,,,,,,,,,,,,,,,,,,,,,,,,,,,,,,,,,,,,,,,,,,,,,,,,,,,,,,,,,,,,,,,,,,,,,,,,,,,,,,,,,,,,,,,,,
76,ohen@yahoo.example.com,,,,,,2026-01-04 15:24:12.566260,I-Furniture,,,,,,,,,,,,,,,,,,,,,,,,,,,,,,,,,,,,,,,,,,,,,,,,,,,,,,,,,,,,,,,,,,,,,,,,,,,,,,,,,,,,,,,,,,,,,,,,,,,,,,,,,,,,,,,,,,,,,,,,,,,,,,,,,,,,,,,,,,,,,,,,,,,,,,,,,,,,,,,,,,,,,,,,,,,
77,justinemarie@outlook.example.com,,,,,,2026-01-04 15:24:12.566260,I-Furniture,,,,,,,,,,,,,,,,,,,,,,,,,,,,,,,,,,,,,,,,,,,,,,,,,,,,,,,,,,,,,,,,,,,,,,,,,,,,,,,,,,,,,,,,,,,,,,,,,,,,,,,,,,,,,,,,,,,,,,,,,,,,,,,,,,,,,,,,,,,,,,,,,,,,,,,,,,,,,,,,,,,,,,,,,,,
78,the.jose@gmail.example.com,,,,,,2026-01-04 15:24:12.566260,I-Furniture,,,,,,,,,,,,,,,,,,,,,,,,,,,,,,,,,,,,,,,,,,,,,,,,,,,,,,,,,,,,,,,,,,,,,,,,,,,,,,,,,,,,,,,,,,,,,,,,,,,,,,,,,,,,,,,,,,,,,,,,,,,,,,,,,,,,,,,,,,,,,,,,,,,,,,,,,,,,,,,,,,,,,,,,,,,
83,david.strongarm@gmail.example.com,,,,,,2026-01-04 15:24:12.566260,I-Furniture,,,,,,,,,,,,,,,,,,,,,,,,,,,,,,,,,,,,,,,,,,,,,,,,,,,,,,,,,,,,,,,,,,,,,,,,,,,,,,,,,,,,,,,,,,,,,,,,,,,,,,,,,,,,,,,,,,,,,,,,,,,,,,,,,,,,,,,,,,,,,,,,,,,,,,,,,,,,,,,,,,,,,,,,,,,
85,tina.turner@gmail.example.com,,,,,,2026-01-04 15:24:12.566260,I-Furniture,,,,,,,,,,,,,,,,,,,,,,,,,,,,,,,,,,,,,,,,,,,,,,,,,,,,,,,,,,,,,,,,,,,,,,,,,,,,,,,,,,,,,,,,,,,,,,,,,,,,,,,,,,,,,,,,,,,,,,,,,,,,,,,,,,,,,,,,,,,,,,,,,,,,,,,,,,,,,,,,,,,,,,,,,,,
86,the.real.shane@gmail.example.com,,,,,,2026-01-04 15:24:12.566260,I-Furniture,,,,,,,,,,,,,,,,,,,,,,,,,,,,,,,,,,,,,,,,,,,,,,,,,,,,,,,,,,,,,,,,,,,,,,,,,,,,,,,,,,,,,,,,,,,,,,,,,,,,,,,,,,,,,,,,,,,,,,,,,,,,,,,,,,,,,,,,,,,,,,,,,,,,,,,,,,,,,,,,,,,,,,,,,,,
87,billy.boy12@gmail.example.com,,,,,,2026-01-04 15:24:12.566260,I-Furniture,,,,,,,,,,,,,,,,,,,,,,,,,,,,,,,,,,,,,,,,,,,,,,,,,,,,,,,,,,,,,,,,,,,,,,,,,,,,,,,,,,,,,,,,,,,,,,,,,,,,,,,,,,,,,,,,,,,,,,,,,,,,,,,,,,,,,,,,,,,,,,,,,,,,,,,,,,,,,,,,,,,,,,,,,,,
33,Tom Ruiz,Turlock,95380,233.0,,,2025-07-12 19:16:24.366428,I-Furniture,,,,,,,,,,,,,,,,,,,,,,,,,,,,,,,,,,,,,,,,,,,,,,,,,,,,,,,,,,,,,,,,,,,,,,,,,,,,,,,,,,,,,,,,,,,,,,,,,,,,,,,,,,,,,,,,,,,,,,,,,,,,,,,,,,,,,,,,,,,,,,,,,,,,,,,,,,,,,,,,,,,,,,,,,,,
28,Nicole Ford,Fremont,94538,233.0,,,2025-07-12 19:16:24.366428,I-Furniture,,,,,,,,,,,,,,,,,,,,,,,,,,,,,,,,,,,,,,,,,,,,,,,,,,,,,,,,,,,,,,,,,,,,,,,,,,,,,,,,,,,,,,,,,,,,,,,,,,,,,,,,,,,,,,,,,,,,,,,,,,,,,,,,,,,,,,,,,,,,,,,,,,,,,,,,,,,,,,,,,,,,,,,,,,,
34,Colleen Diaz,Fremont,94538,233.0,,,2025-07-12 19:16:24.366428,I-Furniture,,,,,,,,,,,,,,,,,,,,,,,,,,,,,,,,,,,,,,,,,,,,,,,,,,,,,,,,,,,,,,,,,,,,,,,,,,,,,,,,,,,,,,,,,,,,,,,,,,,,,,,,,,,,,,,,,,,,,,,,,,,,,,,,,,,,,,,,,,,,,,,,,,,,,,,,,,,,,,,,,,,,,,,,,,,
31,Theodore Gardner,Tracy,95304,233.0,,,2025-07-12 19:16:24.366428,I-Furniture,,,,,,,,,,,,,,,,,,,,,,,,,,,,,,,,,,,,,,,,,,,,,,,,,,,,,,,,,,,,,,,,,,,,,,,,,,,,,,,,,,,,,,,,,,,,,,,,,,,,,,,,,,,,,,,,,,,,,,,,,,,,,,,,,,,,,,,,,,,,,,,,,,,,,,,,,,,,,,,,,,,,,,,,,,,
3,Mitchell Admin,Scranton,18503,233.0,,,2026-01-01 12:55:06.220421,I-Restaurant,,,,,,,,,,,,,,,,,,,,,,,,,,,,,,,,,,,,,,,,,,,,,,,,,,,,,,,,,,,,,,,,,,,,,,,,,,,,,,,,,,,,,,,,,,,,,,,,,,,,,,,,,,,,,,,,,,,,,,,,,,,,,,,,,,,,,,,,,,,,,,,,,,,,,,,,,,,,,,,,,,,,,,,,,,,
7,Joel Willis,Bayonne,07002,233.0,,,2026-01-01 12:55:06.220421,I-Restaurant,,,,,,,,,,,,,,,,,,,,,,,,,,,,,,,,,,,,,,,,,,,,,,,,,,,,,,,,,,,,,,,,,,,,,,,,,,,,,,,,,,,,,,,,,,,,,,,,,,,,,,,,,,,,,,,,,,,,,,,,,,,,,,,,,,,,,,,,,,,,,,,,,,,,,,,,,,,,,,,,,,,,,,,,,,,
45,Jeffrey Kelly,,,,,,2026-01-04 15:36:20.074465,I-Restaurant,,,,,,,,,,,,,,,,,,,,,,,,,,,,,,,,,,,,,,,,,,,,,,,,,,,,,,,,,,,,,,,,,,,,,,,,,,,,,,,,,,,,,,,,,,,,,,,,,,,,,,,,,,,,,,,,,,,,,,,,,,,,,,,,,,,,,,,,,,,,,,,,,,,,,,,,,,,,,,,,,,,,,,,,,,,
46,Ronnie Hart,,,,,,2026-01-04 15:36:20.074465,I-Restaurant,,,,,,,,,,,,,,,,,,,,,,,,,,,,,,,,,,,,,,,,,,,,,,,,,,,,,,,,,,,,,,,,,,,,,,,,,,,,,,,,,,,,,,,,,,,,,,,,,,,,,,,,,,,,,,,,,,,,,,,,,,,,,,,,,,,,,,,,,,,,,,,,,,,,,,,,,,,,,,,,,,,,,,,,,,,
47,Tina Williamson,,,,,,2026-01-04 15:36:20.074465,I-Restaurant,,,,,,,,,,,,,,,,,,,,,,,,,,,,,,,,,,,,,,,,,,,,,,,,,,,,,,,,,,,,,,,,,,,,,,,,,,,,,,,,,,,,,,,,,,,,,,,,,,,,,,,,,,,,,,,,,,,,,,,,,,,,,,,,,,,,,,,,,,,,,,,,,,,,,,,,,,,,,,,,,,,,,,,,,,,
48,Abigail Peterson,,,,,,2026-01-04 15:36:20.074465,I-Restaurant,,,,,,,,,,,,,,,,,,,,,,,,,,,,,,,,,,,,,,,,,,,,,,,,,,,,,,,,,,,,,,,,,,,,,,,,,,,,,,,,,,,,,,,,,,,,,,,,,,,,,,,,,,,,,,,,,,,,,,,,,,,,,,,,,,,,,,,,,,,,,,,,,,,,,,,,,,,,,,,,,,,,,,,,,,,
49,Audrey Peterson,,,,,,2026-01-04 15:36:20.074465,I-Restaurant,,,,,,,,,,,,,,,,,,,,,,,,,,,,,,,,,,,,,,,,,,,,,,,,,,,,,,,,,,,,,,,,,,,,,,,,,,,,,,,,,,,,,,,,,,,,,,,,,,,,,,,,,,,,,,,,,,,,,,,,,,,,,,,,,,,,,,,,,,,,,,,,,,,,,,,,,,,,,,,,,,,,,,,,,,,
50,Eli Lambert,,,,,,2026-01-04 15:36:20.074465,I-Restaurant,,,,,,,,,,,,,,,,,,,,,,,,,,,,,,,,,,,,,,,,,,,,,,,,,,,,,,,,,,,,,,,,,,,,,,,,,,,,,,,,,,,,,,,,,,,,,,,,,,,,,,,,,,,,,,,,,,,,,,,,,,,,,,,,,,,,,,,,,,,,,,,,,,,,,,,,,,,,,,,,,,,,,,,,,,,
51,Rachel Perry,,,,,,2026-01-04 15:36:20.074465,I-Restaurant,,,,,,,,,,,,,,,,,,,,,,,,,,,,,,,,,,,,,,,,,,,,,,,,,,,,,,,,,,,,,,,,,,,,,,,,,,,,,,,,,,,,,,,,,,,,,,,,,,,,,,,,,,,,,,,,,,,,,,,,,,,,,,,,,,,,,,,,,,,,,,,,,,,,,,,,,,,,,,,,,,,,,,,,,,,
52,Keith Byrd,,,,,,2026-01-04 15:36:20.074465,I-Restaurant,,,,,,,,,,,,,,,,,,,,,,,,,,,,,,,,,,,,,,,,,,,,,,,,,,,,,,,,,,,,,,,,,,,,,,,,,,,,,,,,,,,,,,,,,,,,,,,,,,,,,,,,,,,,,,,,,,,,,,,,,,,,,,,,,,,,,,,,,,,,,,,,,,,,,,,,,,,,,,,,,,,,,,,,,,,
53,Doris Cole,,,,,,2026-01-04 15:36:20.074465,I-Restaurant,,,,,,,,,,,,,,,,,,,,,,,,,,,,,,,,,,,,,,,,,,,,,,,,,,,,,,,,,,,,,,,,,,,,,,,,,,,,,,,,,,,,,,,,,,,,,,,,,,,,,,,,,,,,,,,,,,,,,,,,,,,,,,,,,,,,,,,,,,,,,,,,,,,,,,,,,,,,,,,,,,,,,,,,,,,
54,Ernest Reed,,,,,,2026-01-04 15:36:20.074465,I-Restaurant,,,,,,,,,,,,,,,,,,,,,,,,,,,,,,,,,,,,,,,,,,,,,,,,,,,,,,,,,,,,,,,,,,,,,,,,,,,,,,,,,,,,,,,,,,,,,,,,,,,,,,,,,,,,,,,,,,,,,,,,,,,,,,,,,,,,,,,,,,,,,,,,,,,,,,,,,,,,,,,,,,,,,,,,,,,
55,Toni Jimenez,,,,,,2026-01-04 15:36:20.074465,I-Restaurant,,,,,,,,,,,,,,,,,,,,,,,,,,,,,,,,,,,,,,,,,,,,,,,,,,,,,,,,,,,,,,,,,,,,,,,,,,,,,,,,,,,,,,,,,,,,,,,,,,,,,,,,,,,,,,,,,,,,,,,,,,,,,,,,,,,,,,,,,,,,,,,,,,,,,,,,,,,,,,,,,,,,,,,,,,,
56,Anita Oliver,,,,,,2026-01-04 15:36:20.074465,I-Restaurant,,,,,,,,,,,,,,,,,,,,,,,,,,,,,,,,,,,,,,,,,,,,,,,,,,,,,,,,,,,,,,,,,,,,,,,,,,,,,,,,,,,,,,,,,,,,,,,,,,,,,,,,,,,,,,,,,,,,,,,,,,,,,,,,,,,,,,,,,,,,,,,,,,,,,,,,,,,,,,,,,,,,,,,,,,,
57,Sharlene Rhodes,,,,,,2026-01-04 15:36:20.074465,I-Restaurant,,,,,,,,,,,,,,,,,,,,,,,,,,,,,,,,,,,,,,,,,,,,,,,,,,,,,,,,,,,,,,,,,,,,,,,,,,,,,,,,,,,,,,,,,,,,,,,,,,,,,,,,,,,,,,,,,,,,,,,,,,,,,,,,,,,,,,,,,,,,,,,,,,,,,,,,,,,,,,,,,,,,,,,,,,,
58,Randall Lewis,,,,,,2026-01-04 15:36:20.074465,I-Restaurant,,,,,,,,,,,,,,,,,,,,,,,,,,,,,,,,,,,,,,,,,,,,,,,,,,,,,,,,,,,,,,,,,,,,,,,,,,,,,,,,,,,,,,,,,,,,,,,,,,,,,,,,,,,,,,,,,,,,,,,,,,,,,,,,,,,,,,,,,,,,,,,,,,,,,,,,,,,,,,,,,,,,,,,,,,,
59,Jennie Fletcher,,,,,,2026-01-04 15:36:20.074465,I-Restaurant,,,,,,,,,,,,,,,,,,,,,,,,,,,,,,,,,,,,,,,,,,,,,,,,,,,,,,,,,,,,,,,,,,,,,,,,,,,,,,,,,,,,,,,,,,,,,,,,,,,,,,,,,,,,,,,,,,,,,,,,,,,,,,,,,,,,,,,,,,,,,,,,,,,,,,,,,,,,,,,,,,,,,,,,,,,
60,Paul Williams,,,,,,2026-01-04 15:36:20.074465,I-Restaurant,,,,,,,,,,,,,,,,,,,,,,,,,,,,,,,,,,,,,,,,,,,,,,,,,,,,,,,,,,,,,,,,,,,,,,,,,,,,,,,,,,,,,,,,,,,,,,,,,,,,,,,,,,,,,,,,,,,,,,,,,,,,,,,,,,,,,,,,,,,,,,,,,,,,,,,,,,,,,,,,,,,,,,,,,,,
61,Walter Horton,,,,,,2026-01-04 15:36:20.074465,I-Restaurant,,,,,,,,,,,,,,,,,,,,,,,,,,,,,,,,,,,,,,,,,,,,,,,,,,,,,,,,,,,,,,,,,,,,,,,,,,,,,,,,,,,,,,,,,,,,,,,,,,,,,,,,,,,,,,,,,,,,,,,,,,,,,,,,,,,,,,,,,,,,,,,,,,,,,,,,,,,,,,,,,,,,,,,,,,,
62,Beth Evans,,,,,,2026-01-04 15:36:20.074465,I-Restaurant,,,,,,,,,,,,,,,,,,,,,,,,,,,,,,,,,,,,,,,,,,,,,,,,,,,,,,,,,,,,,,,,,,,,,,,,,,,,,,,,,,,,,,,,,,,,,,,,,,,,,,,,,,,,,,,,,,,,,,,,,,,,,,,,,,,,,,,,,,,,,,,,,,,,,,,,,,,,,,,,,,,,,,,,,,,
63,Barty McBly,,,,,,2026-01-04 15:36:20.074465,I-Restaurant,,,,,,,,,,,,,,,,,,,,,,,,,,,,,,,,,,,,,,,,,,,,,,,,,,,,,,,,,,,,,,,,,,,,,,,,,,,,,,,,,,,,,,,,,,,,,,,,,,,,,,,,,,,,,,,,,,,,,,,,,,,,,,,,,,,,,,,,,,,,,,,,,,,,,,,,,,,,,,,,,,,,,,,,,,,
64,John Doe,,,,,,2026-01-04 17:09:07.581984,I-Restaurant,,,,,,,,,,,,,,,,,,,,,,,,,,,,,,,,,,,,,,,,,,,,,,,,,,,,,,,,,,,,,,,,,,,,,,,,,,,,,,,,,,,,,,,,,,,,,,,,,,,,,,,,,,,,,,,,,,,,,,,,,,,,,,,,,,,,,,,,,,,,,,,,,,,,,,,,,,,,,,,,,,,,,,,,,,,
41,Dwayne Newman,Brisbane,94005,233.0,,,2026-01-01 12:55:06.220421,I-Restaurant,,,,,,,,,,,,,,,,,,,,,,,,,,,,,,,,,,,,,,,,,,,,,,,,,,,,,,,,,,,,,,,,,,,,,,,,,,,,,,,,,,,,,,,,,,,,,,,,,,,,,,,,,,,,,,,,,,,,,,,,,,,,,,,,,,,,,,,,,,,,,,,,,,,,,,,,,,,,,,,,,,,,,,,,,,,
30,Gordon Owens,Tracy,95377,233.0,,,2026-01-01 12:55:06.220421,I-Restaurant,,,,,,,,,,,,,,,,,,,,,,,,,,,,,,,,,,,,,,,,,,,,,,,,,,,,,,,,,,,,,,,,,,,,,,,,,,,,,,,,,,,,,,,,,,,,,,,,,,,,,,,,,,,,,,,,,,,,,,,,,,,,,,,,,,,,,,,,,,,,,,,,,,,,,,,,,,,,,,,,,,,,,,,,,,,
35,Lorraine Douglas,Stockton,95202,233.0,,,2026-01-01 12:55:06.220421,I-Restaurant,,,,,,,,,,,,,,,,,,,,,,,,,,,,,,,,,,,,,,,,,,,,,,,,,,,,,,,,,,,,,,,,,,,,,,,,,,,,,,,,,,,,,,,,,,,,,,,,,,,,,,,,,,,,,,,,,,,,,,,,,,,,,,,,,,,,,,,,,,,,,,,,,,,,,,,,,,,,,,,,,,,,,,,,,,,
29,Toni Rhodes,Tracy,95377,233.0,,,2026-01-01 12:55:06.220421,I-Restaurant,,,,,,,,,,,,,,,,,,,,,,,,,,,,,,,,,,,,,,,,,,,,,,,,,,,,,,,,,,,,,,,,,,,,,,,,,,,,,,,,,,,,,,,,,,,,,,,,,,,,,,,,,,,,,,,,,,,,,,,,,,,,,,,,,,,,,,,,,,,,,,,,,,,,,,,,,,,,,,,,,,,,,,,,,,,
27,Brandon Freeman,Fremont,94538,233.0,,,2026-01-01 12:55:06.220421,I-Restaurant,,,,,,,,,,,,,,,,,,,,,,,,,,,,,,,,,,,,,,,,,,,,,,,,,,,,,,,,,,,,,,,,,,,,,,,,,,,,,,,,,,,,,,,,,,,,,,,,,,,,,,,,,,,,,,,,,,,,,,,,,,,,,,,,,,,,,,,,,,,,,,,,,,,,,,,,,,,,,,,,,,,,,,,,,,,
28,Nicole Ford,Fremont,94538,233.0,,,2026-01-01 12:55:06.220421,I-Restaurant,,,,,,,,,,,,,,,,,,,,,,,,,,,,,,,,,,,,,,,,,,,,,,,,,,,,,,,,,,,,,,,,,,,,,,,,,,,,,,,,,,,,,,,,,,,,,,,,,,,,,,,,,,,,,,,,,,,,,,,,,,,,,,,,,,,,,,,,,,,,,,,,,,,,,,,,,,,,,,,,,,,,,,,,,,,
32,Oscar Morgan,Serravalle,47899,203.0,,,2026-01-01 12:55:06.220421,I-Restaurant,,,,,,,,,,,,,,,,,,,,,,,,,,,,,,,,,,,,,,,,,,,,,,,,,,,,,,,,,,,,,,,,,,,,,,,,,,,,,,,,,,,,,,,,,,,,,,,,,,,,,,,,,,,,,,,,,,,,,,,,,,,,,,,,,,,,,,,,,,,,,,,,,,,,,,,,,,,,,,,,,,,,,,,,,,,
33,Tom Ruiz,Turlock,95380,233.0,,,2026-01-01 12:55:06.220421,I-Restaurant,,,,,,,,,,,,,,,,,,,,,,,,,,,,,,,,,,,,,,,,,,,,,,,,,,,,,,,,,,,,,,,,,,,,,,,,,,,,,,,,,,,,,,,,,,,,,,,,,,,,,,,,,,,,,,,,,,,,,,,,,,,,,,,,,,,,,,,,,,,,,,,,,,,,,,,,,,,,,,,,,,,,,,,,,,,
17,Willie Burke,Turlock,95380,233.0,,,2026-01-01 12:55:06.220421,I-Restaurant,,,,,,,,,,,,,,,,,,,,,,,,,,,,,,,,,,,,,,,,,,,,,,,,,,,,,,,,,,,,,,,,,,,,,,,,,,,,,,,,,,,,,,,,,,,,,,,,,,,,,,,,,,,,,,,,,,,,,,,,,,,,,,,,,,,,,,,,,,,,,,,,,,,,,,,,,,,,,,,,,,,,,,,,,,,
20,Floyd Steward,Pleasant Hill,94523,233.0,,,2026-01-01 12:55:06.220421,I-Restaurant,,,,,,,,,,,,,,,,,,,,,,,,,,,,,,,,,,,,,,,,,,,,,,,,,,,,,,,,,,,,,,,,,,,,,,,,,,,,,,,,,,,,,,,,,,,,,,,,,,,,,,,,,,,,,,,,,,,,,,,,,,,,,,,,,,,,,,,,,,,,,,,,,,,,,,,,,,,,,,,,,,,,,,,,,,,
39,Travis Mendoza,Tracy,95304,233.0,,,2026-01-01 12:55:06.220421,I-Restaurant,,,,,,,,,,,,,,,,,,,,,,,,,,,,,,,,,,,,,,,,,,,,,,,,,,,,,,,,,,,,,,,,,,,,,,,,,,,,,,,,,,,,,,,,,,,,,,,,,,,,,,,,,,,,,,,,,,,,,,,,,,,,,,,,,,,,,,,,,,,,,,,,,,,,,,,,,,,,,,,,,,,,,,,,,,,
22,Billy Fox,Tracy,95304,233.0,,,2026-01-01 12:55:06.220421,I-Restaurant,,,,,,,,,,,,,,,,,,,,,,,,,,,,,,,,,,,,,,,,,,,,,,,,,,,,,,,,,,,,,,,,,,,,,,,,,,,,,,,,,,,,,,,,,,,,,,,,,,,,,,,,,,,,,,,,,,,,,,,,,,,,,,,,,,,,,,,,,,,,,,,,,,,,,,,,,,,,,,,,,,,,,,,,,,,
31,Theodore Gardner,Tracy,95304,233.0,,,2026-01-01 12:55:06.220421,I-Restaurant,,,,,,,,,,,,,,,,,,,,,,,,,,,,,,,,,,,,,,,,,,,,,,,,,,,,,,,,,,,,,,,,,,,,,,,,,,,,,,,,,,,,,,,,,,,,,,,,,,,,,,,,,,,,,,,,,,,,,,,,,,,,,,,,,,,,,,,,,,,,,,,,,,,,,,,,,,,,,,,,,,,,,,,,,,,
25,Kim Snyder,Tracy,95304,233.0,,,2026-01-01 12:55:06.220421,I-Restaurant,,,,,,,,,,,,,,,,,,,,,,,,,,,,,,,,,,,,,,,,,,,,,,,,,,,,,,,,,,,,,,,,,,,,,,,,,,,,,,,,,,,,,,,,,,,,,,,,,,,,,,,,,,,,,,,,,,,,,,,,,,,,,,,,,,,,,,,,,,,,,,,,,,,,,,,,,,,,,,,,,,,,,,,,,,,
24,Soham Palmer,Serravalle,47899,203.0,,,2026-01-01 12:55:06.220421,I-Restaurant,,,,,,,,,,,,,,,,,,,,,,,,,,,,,,,,,,,,,,,,,,,,,,,,,,,,,,,,,,,,,,,,,,,,,,,,,,,,,,,,,,,,,,,,,,,,,,,,,,,,,,,,,,,,,,,,,,,,,,,,,,,,,,,,,,,,,,,,,,,,,,,,,,,,,,,,,,,,,,,,,,,,,,,,,,,
21,Edwin Hansen,Serravalle,47899,203.0,,,2026-01-01 12:55:06.220421,I-Restaurant,,,,,,,,,,,,,,,,,,,,,,,,,,,,,,,,,,,,,,,,,,,,,,,,,,,,,,,,,,,,,,,,,,,,,,,,,,,,,,,,,,,,,,,,,,,,,,,,,,,,,,,,,,,,,,,,,,,,,,,,,,,,,,,,,,,,,,,,,,,,,,,,,,,,,,,,,,,,,,,,,,,,,,,,,,,
23,Jesse Brown,Serravalle,47899,203.0,,,2026-01-01 12:55:06.220421,I-Restaurant,,,,,,,,,,,,,,,,,,,,,,,,,,,,,,,,,,,,,,,,,,,,,,,,,,,,,,,,,,,,,,,,,,,,,,,,,,,,,,,,,,,,,,,,,,,,,,,,,,,,,,,,,,,,,,,,,,,,,,,,,,,,,,,,,,,,,,,,,,,,,,,,,,,,,,,,,,,,,,,,,,,,,,,,,,,
40,Chester Reed,Brisbane,94005,233.0,,,2026-01-01 12:55:06.220421,I-Restaurant,,,,,,,,,,,,,,,,,,,,,,,,,,,,,,,,,,,,,,,,,,,,,,,,,,,,,,,,,,,,,,,,,,,,,,,,,,,,,,,,,,,,,,,,,,,,,,,,,,,,,,,,,,,,,,,,,,,,,,,,,,,,,,,,,,,,,,,,,,,,,,,,,,,,,,,,,,,,,,,,,,,,,,,,,,,
6,Marc Demo,Eugene,97401,233.0,,,2026-01-01 12:55:06.220421,I-Restaurant,,,,,,,,,,,,,,,,,,,,,,,,,,,,,,,,,,,,,,,,,,,,,,,,,,,,,,,,,,,,,,,,,,,,,,,,,,,,,,,,,,,,,,,,,,,,,,,,,,,,,,,,,,,,,,,,,,,,,,,,,,,,,,,,,,,,,,,,,,,,,,,,,,,,,,,,,,,,,,,,,,,,,,,,,,,
44,Jeff Lawson,Chicago,60610,233.0,,,2026-01-01 13:47:20.388827,I-Restaurant,,,,,,,,,,,,,,,,,,,,,,,,,,,,,,,,,,,,,,,,,,,,,,,,,,,,,,,,,,,,,,,,,,,,,,,,,,,,,,,,,,,,,,,,,,,,,,,,,,,,,,,,,,,,,,,,,,,,,,,,,,,,,,,,,,,,,,,,,,,,,,,,,,,,,,,,,,,,,,,,,,,,,,,,,,,
34,Colleen Diaz,Fremont,94538,233.0,,,2026-01-01 12:55:06.220421,I-Restaurant,,,,,,,,,,,,,,,,,,,,,,,,,,,,,,,,,,,,,,,,,,,,,,,,,,,,,,,,,,,,,,,,,,,,,,,,,,,,,,,,,,,,,,,,,,,,,,,,,,,,,,,,,,,,,,,,,,,,,,,,,,,,,,,,,,,,,,,,,,,,,,,,,,,,,,,,,,,,,,,,,,,,,,,,,,,
26,Edith Sanchez,Tracy,95304,233.0,,,2026-01-01 12:55:06.220421,I-Restaurant,,,,,,,,,,,,,,,,,,,,,,,,,,,,,,,,,,,,,,,,,,,,,,,,,,,,,,,,,,,,,,,,,,,,,,,,,,,,,,,,,,,,,,,,,,,,,,,,,,,,,,,,,,,,,,,,,,,,,,,,,,,,,,,,,,,,,,,,,,,,,,,,,,,,,,,,,,,,,,,,,,,,,,,,,,,
37,Sandra Neal,Tracy,95304,233.0,,,2026-01-01 12:55:06.220421,I-Restaurant,,,,,,,,,,,,,,,,,,,,,,,,,,,,,,,,,,,,,,,,,,,,,,,,,,,,,,,,,,,,,,,,,,,,,,,,,,,,,,,,,,,,,,,,,,,,,,,,,,,,,,,,,,,,,,,,,,,,,,,,,,,,,,,,,,,,,,,,,,,,,,,,,,,,,,,,,,,,,,,,,,,,,,,,,,,
38,Julie Richards,Tracy,95304,233.0,,,2026-01-01 12:55:06.220421,I-Restaurant,,,,,,,,,,,,,,,,,,,,,,,,,,,,,,,,,,,,,,,,,,,,,,,,,,,,,,,,,,,,,,,,,,,,,,,,,,,,,,,,,,,,,,,,,,,,,,,,,,,,,,,,,,,,,,,,,,,,,,,,,,,,,,,,,,,,,,,,,,,,,,,,,,,,,,,,,,,,,,,,,,,,,,,,,,,
18,Ron Gibson,Turlock,95380,233.0,,,2026-01-01 12:55:06.220421,I-Restaurant,,,,,,,,,,,,,,,,,,,,,,,,,,,,,,,,,,,,,,,,,,,,,,,,,,,,,,,,,,,,,,,,,,,,,,,,,,,,,,,,,,,,,,,,,,,,,,,,,,,,,,,,,,,,,,,,,,,,,,,,,,,,,,,,,,,,,,,,,,,,,,,,,,,,,,,,,,,,,,,,,,,,,,,,,,,
36,Addison Olson,Pleasant Hill,94523,233.0,,,2026-01-01 12:55:06.220421,I-Restaurant,,,,,,,,,,,,,,,,,,,,,,,,,,,,,,,,,,,,,,,,,,,,,,,,,,,,,,,,,,,,,,,,,,,,,,,,,,,,,,,,,,,,,,,,,,,,,,,,,,,,,,,,,,,,,,,,,,,,,,,,,,,,,,,,,,,,,,,,,,,,,,,,,,,,,,,,,,,,,,,,,,,,,,,,,,,
19,Douglas Fletcher,Pleasant Hill,94523,233.0,,,2026-01-01 12:55:06.220421,I-Restaurant,,,,,,,,,,,,,,,,,,,,,,,,,,,,,,,,,,,,,,,,,,,,,,,,,,,,,,,,,,,,,,,,,,,,,,,,,,,,,,,,,,,,,,,,,,,,,,,,,,,,,,,,,,,,,,,,,,,,,,,,,,,,,,,,,,,,,,,,,,,,,,,,,,,,,,,,,,,,,,,,,,,,,,,,,,,
